,mean,sd,hdi_5.5%,hdi_94.5%,mcse_mean,mcse_sd,ess_bulk,ess_tail,r_hat
LT0[0],0.529,0.128,0.326,0.736,0.001,0.0,49534.053,48263.129,
LT0[1],-0.112,0.115,-0.298,0.07,0.001,0.0,49624.43,48852.201,
LT0[2],0.177,0.126,-0.022,0.381,0.001,0.0,49579.693,49007.314,
LT0[3],0.009,0.121,-0.183,0.203,0.001,0.0,49915.64,49007.519,
LT0[4],0.15,0.114,-0.032,0.331,0.001,0.0,49284.18,48156.287,
LT0[5],0.321,0.125,0.121,0.518,0.001,0.0,49696.639,49379.854,
LT0[6],-0.195,0.108,-0.366,-0.021,0.0,0.0,50243.441,48700.481,
LT0[7],0.494,0.145,0.265,0.727,0.001,0.0,50420.374,49959.956,
LT0[8],0.376,0.079,0.246,0.499,0.0,0.0,49472.225,49223.621,
LT0[9],-0.062,0.108,-0.239,0.107,0.0,0.0,50056.405,49276.169,
LT0[10],-1.377,0.107,-1.55,-1.209,0.0,0.0,50359.66,48351.675,
LT0[11],0.333,0.175,0.049,0.605,0.001,0.001,49789.624,49049.637,
LT0[12],0.086,0.104,-0.081,0.25,0.0,0.0,49876.289,49053.875,
LT0[13],0.134,0.111,-0.039,0.314,0.0,0.0,49787.667,48711.297,
LT0[14],0.029,0.167,-0.234,0.296,0.001,0.001,50108.672,48744.98,
LT0[15],-0.718,0.125,-0.914,-0.513,0.001,0.0,49780.437,48285.967,
LT0[16],-0.217,0.214,-0.552,0.13,0.001,0.001,49978.287,49832.798,
LT0[17],0.183,0.154,-0.062,0.431,0.001,0.0,50476.644,49297.938,
LT0[18],-0.636,0.184,-0.93,-0.343,0.001,0.001,50091.32,48559.779,
LT0[19],0.072,0.163,-0.189,0.328,0.001,0.001,48402.667,48653.71,
LT0[20],0.021,0.104,-0.143,0.189,0.0,0.0,48494.68,49048.523,
LT0[21],0.505,0.12,0.313,0.695,0.001,0.0,49391.521,49767.854,
LT0[22],0.149,0.141,-0.081,0.371,0.001,0.0,49757.871,48215.011,
LT0[23],-0.359,0.181,-0.653,-0.075,0.001,0.001,48798.66,48693.367,
LT0[24],0.33,0.155,0.092,0.587,0.001,0.0,49752.858,49074.3,
LT0[25],0.25,0.199,-0.065,0.57,0.001,0.001,50665.12,49509.756,
LT0[26],-0.039,0.096,-0.195,0.113,0.0,0.0,49339.216,48697.763,
LT0[27],0.41,0.113,0.232,0.595,0.001,0.0,49715.818,49961.969,
LT0[28],0.073,0.132,-0.146,0.276,0.001,0.0,49064.881,49545.145,
LT0[29],0.082,0.149,-0.151,0.327,0.001,0.0,50304.355,49748.962,
LT0[30],0.074,0.149,-0.164,0.311,0.001,0.0,49830.862,49116.954,
LT0[31],-0.17,0.173,-0.453,0.099,0.001,0.001,50270.144,49335.778,
LT0[32],0.029,0.146,-0.199,0.27,0.001,0.0,48400.539,47263.848,
LT0[33],0.179,0.175,-0.104,0.456,0.001,0.001,49313.648,49343.384,
LT0[34],-0.646,0.163,-0.906,-0.385,0.001,0.001,47355.872,49305.153,
LT0[35],0.392,0.131,0.177,0.595,0.001,0.0,49733.471,49175.369,
LT0[36],-0.126,0.144,-0.357,0.104,0.001,0.0,49696.309,49103.309,
LT0[37],0.077,0.132,-0.133,0.289,0.001,0.0,50004.319,49850.927,
LT0[38],0.311,0.114,0.133,0.497,0.001,0.0,50278.799,49627.205,
LT0[39],-0.012,0.116,-0.198,0.174,0.001,0.0,50334.358,49015.696,
LT0[40],0.074,0.097,-0.08,0.233,0.0,0.0,49725.972,49710.502,
LT0[41],0.048,0.111,-0.129,0.226,0.0,0.0,50472.074,49794.502,
LT0[42],0.263,0.105,0.096,0.431,0.0,0.0,50358.422,49961.475,
LT0[43],0.268,0.126,0.068,0.47,0.001,0.0,50239.397,47943.158,
LT0[44],0.293,0.133,0.084,0.51,0.001,0.0,49108.708,48034.526,
LT0[45],0.767,0.15,0.527,1.006,0.001,0.0,47992.656,46844.489,
LT0[46],0.109,0.189,-0.196,0.407,0.001,0.001,49228.104,49503.66,
LT0[47],0.447,0.134,0.226,0.655,0.001,0.0,48503.383,48464.551,
LT0[48],-0.353,0.085,-0.49,-0.218,0.0,0.0,50127.989,49627.72,
LT0[49],0.524,0.16,0.274,0.785,0.001,0.001,49955.41,49927.046,
LT0[50],0.065,0.102,-0.096,0.231,0.0,0.0,49838.046,48536.723,
LT0[51],0.075,0.143,-0.153,0.303,0.001,0.0,48086.511,49430.026,
LT0[52],0.187,0.105,0.013,0.349,0.0,0.0,50042.587,49502.449,
LT0[53],0.668,0.168,0.403,0.94,0.001,0.001,49029.914,49284.395,
LT0[54],0.45,0.15,0.211,0.69,0.001,0.0,48983.223,49220.724,
LT0[55],0.283,0.143,0.058,0.515,0.001,0.0,50776.742,49829.201,
LT0[56],0.512,0.165,0.253,0.781,0.001,0.001,49077.785,48415.447,
LT0[57],0.057,0.163,-0.209,0.311,0.001,0.001,49912.803,49570.703,
LT0[58],-0.071,0.091,-0.219,0.073,0.0,0.0,49620.243,49183.494,
LT0[59],-0.22,0.126,-0.423,-0.019,0.001,0.0,49379.738,49774.727,
LT0[60],-0.004,0.1,-0.159,0.159,0.0,0.0,48220.06,48610.202,
LT0[61],0.138,0.099,-0.022,0.296,0.0,0.0,50052.582,49562.135,
LT0[62],-0.971,0.104,-1.13,-0.799,0.0,0.0,49111.423,49331.551,
LT0[63],-0.297,0.128,-0.501,-0.093,0.001,0.0,49031.524,49458.099,
LT0[64],-0.091,0.172,-0.358,0.193,0.001,0.001,49627.102,49094.589,
LT0[65],0.105,0.158,-0.148,0.358,0.001,0.001,49707.058,49100.929,
LT0[66],0.015,0.132,-0.195,0.226,0.001,0.0,48879.725,49503.001,
LT0[67],-0.126,0.114,-0.308,0.058,0.001,0.0,47006.96,47491.484,
LT0[68],-0.526,0.123,-0.716,-0.323,0.001,0.0,49223.714,50042.098,
LT0[69],0.47,0.159,0.211,0.716,0.001,0.001,49134.576,47878.199,
LT0[70],-0.369,0.119,-0.559,-0.178,0.001,0.0,48927.827,49549.112,
LT0[71],0.293,0.18,0.006,0.58,0.001,0.001,48310.979,48605.339,
LT0[72],-0.174,0.081,-0.305,-0.045,0.0,0.0,49980.445,50003.803,
LT0[73],-0.376,0.11,-0.553,-0.202,0.001,0.0,46556.311,48090.446,
LT0[74],-0.416,0.08,-0.54,-0.286,0.0,0.0,49943.363,48303.934,
LT0[75],0.587,0.242,0.197,0.967,0.001,0.001,48878.668,49132.122,
LT0[76],-0.452,0.184,-0.745,-0.157,0.001,0.001,49184.669,49745.997,
LT0[77],-0.786,0.297,-1.258,-0.313,0.001,0.001,48324.68,48757.605,
LT0[78],0.14,0.085,0.002,0.274,0.0,0.0,50410.287,49759.212,
LT0[79],0.182,0.135,-0.035,0.395,0.001,0.0,49922.176,49694.136,
LT0[80],0.14,0.122,-0.054,0.335,0.001,0.0,49651.508,47689.852,
LT0[81],-0.228,0.097,-0.386,-0.076,0.0,0.0,50033.675,48693.112,
LT0[82],-0.837,0.202,-1.163,-0.517,0.001,0.001,49647.873,49754.951,
LT0[83],0.223,0.109,0.046,0.396,0.0,0.0,49249.236,49048.096,
LT0[84],-0.799,0.122,-0.996,-0.605,0.001,0.0,49559.737,50209.073,
LT0[85],-0.426,0.117,-0.611,-0.239,0.001,0.0,49842.567,48711.278,
LT0[86],0.074,0.153,-0.166,0.322,0.001,0.0,50334.728,50022.993,
LT0[87],-0.482,0.124,-0.682,-0.286,0.001,0.0,50200.326,48580.94,
LT0[88],0.368,0.099,0.212,0.53,0.0,0.0,49053.316,47464.869,
LT0[89],-0.172,0.274,-0.608,0.269,0.001,0.001,47831.737,49180.712,
LT0[90],-0.817,0.086,-0.957,-0.681,0.0,0.0,49590.941,49383.571,
LT0[91],0.036,0.083,-0.097,0.167,0.0,0.0,49944.76,50165.607,
LT0[92],-0.236,0.12,-0.429,-0.045,0.001,0.0,50909.763,48312.806,
LT0[93],-0.128,0.111,-0.307,0.046,0.0,0.0,50479.482,49844.68,
LT0[94],-0.161,0.111,-0.345,0.01,0.0,0.0,49882.137,48699.183,
LT0[95],-0.135,0.088,-0.278,0.003,0.0,0.0,50266.14,50341.148,
LT0[96],-1.315,0.066,-1.42,-1.209,0.0,0.0,49567.439,48492.528,
LT0[97],-1.327,0.269,-1.758,-0.897,0.001,0.001,49668.379,48239.908,
LT0[98],-0.923,0.108,-1.096,-0.75,0.0,0.0,49011.54,48540.541,
LT0[99],-1.2,0.26,-1.601,-0.769,0.001,0.001,49938.478,48815.725,
LT0[100],-1.414,0.109,-1.59,-1.243,0.0,0.0,50047.964,49219.459,
LT0[101],-0.172,0.11,-0.346,0.006,0.0,0.0,50348.726,48811.427,
LT0[102],-0.879,0.143,-1.106,-0.649,0.001,0.0,49893.744,47611.261,
LT0[103],-0.151,0.103,-0.315,0.013,0.0,0.0,48556.949,48817.925,
LT0[104],-0.084,0.124,-0.28,0.115,0.001,0.0,50288.087,49149.056,
LT0[105],0.218,0.131,0.012,0.429,0.001,0.0,49153.699,50039.824,
LT0[106],0.473,0.163,0.214,0.732,0.001,0.001,50139.222,50069.494,
LT0[107],0.149,0.102,-0.01,0.315,0.0,0.0,49591.476,49752.794,
LT0[108],-0.466,0.122,-0.659,-0.27,0.001,0.0,49584.321,47958.438,
LT0[109],-0.895,0.207,-1.222,-0.562,0.001,0.001,50876.195,49634.425,
LT0[110],0.162,0.097,0.008,0.318,0.0,0.0,50186.433,49464.944,
LT0[111],-0.441,0.076,-0.563,-0.32,0.0,0.0,50531.305,48831.674,
LT0[112],0.917,0.123,0.72,1.112,0.001,0.0,48751.451,47950.265,
LT0[113],-0.138,0.137,-0.355,0.08,0.001,0.0,49583.481,49178.242,
LT0[114],0.343,0.106,0.178,0.515,0.0,0.0,48171.966,49778.91,
LT0[115],0.468,0.18,0.181,0.758,0.001,0.001,50115.558,49214.162,
LT0[116],-0.47,0.112,-0.651,-0.293,0.0,0.0,50005.067,50004.962,
LT0[117],-0.168,0.112,-0.349,0.007,0.001,0.0,48748.264,49014.873,
LT0[118],0.16,0.089,0.017,0.301,0.0,0.0,49108.529,49669.298,
LT0[119],-1.012,0.109,-1.186,-0.838,0.0,0.0,50180.14,49962.05,
LT0[120],-0.354,0.168,-0.621,-0.087,0.001,0.001,49053.1,49667.925,
LT0[121],0.179,0.093,0.026,0.324,0.0,0.0,48836.322,49334.011,
LT0[122],0.248,0.138,0.024,0.464,0.001,0.0,49794.85,49060.846,
LT0[123],-0.435,0.14,-0.66,-0.212,0.001,0.0,50094.39,49532.237,
LT0[124],0.06,0.085,-0.072,0.198,0.0,0.0,49666.487,48598.157,
LT0[125],0.098,0.089,-0.038,0.247,0.0,0.0,48858.428,48395.832,
LT0[126],0.192,0.134,-0.022,0.409,0.001,0.0,50010.693,48467.909,
LT0[127],-0.132,0.134,-0.343,0.086,0.001,0.0,51060.03,49877.858,
LT0[128],-0.013,0.093,-0.16,0.136,0.0,0.0,48592.764,48337.405,
LT0[129],-0.244,0.087,-0.379,-0.102,0.0,0.0,50451.118,49534.058,
LT0[130],0.174,0.151,-0.073,0.409,0.001,0.0,50175.851,49783.321,
LT0[131],0.091,0.167,-0.177,0.357,0.001,0.001,49864.554,49009.835,
LT0[132],-0.652,0.206,-0.974,-0.318,0.001,0.001,50266.941,49439.962,
LT0[133],-0.397,0.148,-0.634,-0.161,0.001,0.0,49330.326,48514.07,
LT0[134],-0.398,0.142,-0.624,-0.174,0.001,0.0,49530.876,48343.806,
LT0[135],0.618,0.069,0.505,0.727,0.0,0.0,48976.911,48975.227,
LT0[136],0.132,0.107,-0.042,0.298,0.0,0.0,49823.735,49078.953,
LT0[137],0.257,0.109,0.084,0.43,0.0,0.0,49811.855,50037.58,
LT0[138],-0.097,0.106,-0.264,0.076,0.0,0.0,50188.447,49752.724,
LT0[139],-0.373,0.109,-0.545,-0.197,0.0,0.0,48440.545,47498.163,
LT0[140],-0.223,0.109,-0.395,-0.046,0.0,0.0,49718.893,49762.369,
LT0[141],0.453,0.082,0.321,0.584,0.0,0.0,50285.794,48926.987,
LT0[142],-0.278,0.189,-0.581,0.023,0.001,0.001,50287.439,49546.771,
LT0[143],0.427,0.16,0.176,0.686,0.001,0.001,49245.983,49173.731,
LT0[144],0.0,0.161,-0.254,0.26,0.001,0.001,49804.613,49762.199,
LT1[0],0.009,0.141,-0.207,0.242,0.001,0.0,49640.09,49798.584,
LT1[1],0.248,0.104,0.089,0.42,0.0,0.0,49174.917,48932.432,
LT1[2],-0.257,0.122,-0.454,-0.065,0.001,0.0,50557.526,48817.928,
LT1[3],-0.041,0.122,-0.233,0.157,0.001,0.0,49889.989,49756.878,
LT1[4],-0.015,0.111,-0.194,0.16,0.0,0.0,50242.487,49747.006,
LT1[5],-0.131,0.118,-0.32,0.058,0.001,0.0,50503.03,49338.196,
LT1[6],0.174,0.106,0.006,0.344,0.0,0.0,48909.286,49094.964,
LT1[7],0.182,0.15,-0.059,0.421,0.001,0.0,49437.129,49135.169,
LT1[8],-0.133,0.08,-0.26,-0.005,0.0,0.0,50985.427,49709.07,
LT1[9],0.169,0.106,0.001,0.34,0.0,0.0,49235.541,49673.967,
LT1[10],0.084,0.11,-0.093,0.259,0.001,0.0,47768.783,50099.515,
LT1[11],0.027,0.185,-0.267,0.325,0.001,0.001,49998.195,49627.403,
LT1[12],0.114,0.103,-0.054,0.277,0.0,0.0,49271.718,47685.052,
LT1[13],-0.113,0.112,-0.292,0.064,0.0,0.0,50413.529,50300.332,
LT1[14],-0.085,0.167,-0.353,0.18,0.001,0.001,49177.635,49417.528,
LT1[15],-0.053,0.124,-0.25,0.145,0.001,0.0,48639.559,48983.239,
LT1[16],0.358,0.19,0.052,0.657,0.001,0.001,50011.298,50120.472,
LT1[17],0.172,0.159,-0.082,0.425,0.001,0.001,49538.445,50757.725,
LT1[18],0.29,0.206,-0.037,0.621,0.001,0.001,48890.305,49325.301,
LT1[19],-0.035,0.157,-0.279,0.223,0.001,0.0,49245.733,48650.838,
LT1[20],-0.016,0.106,-0.188,0.149,0.0,0.0,48974.895,49362.305,
LT1[21],0.111,0.127,-0.088,0.317,0.001,0.0,49337.671,48944.15,
LT1[22],-0.038,0.133,-0.25,0.176,0.001,0.0,50093.229,49668.106,
LT1[23],0.178,0.17,-0.094,0.448,0.001,0.001,49904.358,49627.403,
LT1[24],0.135,0.147,-0.101,0.367,0.001,0.0,49116.63,49794.723,
LT1[25],0.123,0.194,-0.195,0.425,0.001,0.001,49203.305,49378.525,
LT1[26],0.292,0.09,0.145,0.434,0.0,0.0,50012.931,48502.068,
LT1[27],0.15,0.12,-0.038,0.347,0.001,0.0,49699.424,49562.216,
LT1[28],-0.291,0.125,-0.489,-0.092,0.001,0.0,50036.682,49174.623,
LT1[29],0.022,0.139,-0.203,0.243,0.001,0.0,50482.66,49027.307,
LT1[30],-0.109,0.154,-0.354,0.14,0.001,0.0,50860.666,49491.162,
LT1[31],0.497,0.171,0.222,0.766,0.001,0.001,49206.921,49133.931,
LT1[32],0.335,0.142,0.107,0.563,0.001,0.0,48468.131,48658.064,
LT1[33],-0.149,0.169,-0.423,0.117,0.001,0.001,50768.495,49430.266,
LT1[34],-0.235,0.152,-0.471,0.015,0.001,0.0,49534.461,49836.244,
LT1[35],-0.022,0.126,-0.225,0.178,0.001,0.0,49587.632,49539.049,
LT1[36],0.144,0.131,-0.065,0.355,0.001,0.0,50003.133,49233.594,
LT1[37],0.027,0.129,-0.173,0.239,0.001,0.0,49393.941,48935.091,
LT1[38],0.126,0.117,-0.059,0.314,0.001,0.0,49194.767,48973.244,
LT1[39],-0.13,0.115,-0.31,0.056,0.001,0.0,48431.545,49620.353,
LT1[40],0.172,0.096,0.016,0.322,0.0,0.0,49774.434,49340.49,
LT1[41],-0.042,0.108,-0.213,0.132,0.0,0.0,47771.187,48895.668,
LT1[42],-0.123,0.094,-0.274,0.025,0.0,0.0,49697.951,49623.767,
LT1[43],-0.072,0.121,-0.268,0.118,0.001,0.0,48355.349,49388.525,
LT1[44],0.019,0.128,-0.182,0.227,0.001,0.0,49076.402,49544.276,
LT1[45],0.053,0.153,-0.183,0.306,0.001,0.0,49734.733,49180.099,
LT1[46],0.209,0.166,-0.057,0.474,0.001,0.001,49510.921,48989.227,
LT1[47],-0.165,0.128,-0.377,0.031,0.001,0.0,50089.653,48655.91,
LT1[48],0.173,0.087,0.033,0.31,0.0,0.0,49261.79,48824.64,
LT1[49],-0.424,0.151,-0.662,-0.182,0.001,0.0,49427.627,49136.335,
LT1[50],-0.046,0.095,-0.196,0.108,0.0,0.0,50079.9,48497.071,
LT1[51],-0.045,0.147,-0.285,0.186,0.001,0.0,50062.8,48203.002,
LT1[52],-0.11,0.108,-0.282,0.061,0.0,0.0,50301.719,48770.888,
LT1[53],-0.192,0.179,-0.479,0.093,0.001,0.001,49525.856,49459.729,
LT1[54],0.087,0.134,-0.122,0.304,0.001,0.0,48292.222,48225.147,
LT1[55],0.076,0.15,-0.17,0.307,0.001,0.0,49999.547,49823.153,
LT1[56],-0.295,0.168,-0.559,-0.024,0.001,0.001,50142.146,49304.375,
LT1[57],0.4,0.168,0.132,0.669,0.001,0.001,50322.925,48775.171,
LT1[58],-0.002,0.092,-0.153,0.142,0.0,0.0,49307.596,49417.501,
LT1[59],0.167,0.121,-0.03,0.357,0.001,0.0,48449.838,49544.582,
LT1[60],-0.188,0.101,-0.351,-0.03,0.0,0.0,48998.306,48244.365,
LT1[61],-0.005,0.103,-0.174,0.155,0.0,0.0,50226.187,49339.359,
LT1[62],0.184,0.104,0.018,0.349,0.0,0.0,48892.098,50261.14,
LT1[63],0.201,0.123,0.009,0.403,0.001,0.0,51014.544,50373.727,
LT1[64],0.211,0.158,-0.051,0.456,0.001,0.001,48433.878,49749.49,
LT1[65],0.252,0.161,-0.0,0.515,0.001,0.001,50942.561,49629.175,
LT1[66],0.062,0.131,-0.147,0.272,0.001,0.0,51563.356,49545.174,
LT1[67],-0.179,0.123,-0.374,0.019,0.001,0.0,50715.775,50026.146,
LT1[68],-0.162,0.133,-0.374,0.049,0.001,0.0,49140.973,49803.502,
LT1[69],0.158,0.162,-0.103,0.413,0.001,0.001,49739.393,49101.536,
LT1[70],-0.162,0.116,-0.347,0.024,0.001,0.0,49496.53,48284.436,
LT1[71],-0.13,0.173,-0.411,0.142,0.001,0.001,48960.112,47580.498,
LT1[72],0.158,0.082,0.028,0.288,0.0,0.0,49829.337,49161.275,
LT1[73],0.272,0.113,0.092,0.455,0.001,0.0,48797.387,49776.153,
LT1[74],0.045,0.089,-0.096,0.187,0.0,0.0,50075.335,49510.262,
LT1[75],-0.381,0.218,-0.731,-0.037,0.001,0.001,49340.418,47816.802,
LT1[76],-0.097,0.178,-0.38,0.185,0.001,0.001,50255.76,48941.209,
LT1[77],0.629,0.284,0.176,1.081,0.001,0.001,50322.111,48674.177,
LT1[78],0.083,0.091,-0.063,0.228,0.0,0.0,49310.338,49658.791,
LT1[79],0.021,0.131,-0.189,0.231,0.001,0.0,48558.779,48525.724,
LT1[80],-0.105,0.121,-0.3,0.087,0.001,0.0,48655.461,50127.911,
LT1[81],-0.17,0.102,-0.337,-0.009,0.0,0.0,49127.919,49590.705,
LT1[82],0.309,0.182,0.02,0.601,0.001,0.001,49331.439,48956.046,
LT1[83],0.116,0.114,-0.066,0.299,0.001,0.0,49418.368,49834.234,
LT1[84],0.013,0.128,-0.19,0.22,0.001,0.0,49512.399,49423.192,
LT1[85],0.083,0.129,-0.122,0.29,0.001,0.0,47482.894,49623.278,
LT1[86],0.058,0.142,-0.163,0.287,0.001,0.0,49082.602,49752.059,
LT1[87],0.133,0.128,-0.068,0.34,0.001,0.0,49376.816,49942.718,
LT1[88],-0.029,0.105,-0.194,0.139,0.0,0.0,50055.178,48697.539,
LT1[89],0.417,0.265,-0.015,0.837,0.001,0.001,50731.843,50085.842,
LT1[90],0.145,0.089,0.005,0.289,0.0,0.0,47515.577,48913.142,
LT1[91],0.166,0.083,0.037,0.302,0.0,0.0,49595.226,48580.418,
LT1[92],0.199,0.118,0.014,0.388,0.001,0.0,48595.235,47338.673,
LT1[93],0.17,0.104,0.004,0.336,0.0,0.0,49297.199,49257.495,
LT1[94],0.225,0.11,0.051,0.404,0.0,0.0,49900.941,49140.549,
LT1[95],0.212,0.089,0.073,0.359,0.0,0.0,49344.029,49545.214,
LT1[96],0.097,0.07,-0.014,0.209,0.0,0.0,49493.871,48954.993,
LT1[97],0.063,0.243,-0.329,0.445,0.001,0.001,49988.198,49787.479,
LT1[98],0.049,0.108,-0.127,0.219,0.0,0.0,49903.517,49878.189,
LT1[99],0.385,0.274,-0.045,0.828,0.001,0.001,49980.02,48939.793,
LT1[100],0.052,0.105,-0.116,0.219,0.0,0.0,47556.828,48627.586,
LT1[101],0.017,0.113,-0.165,0.195,0.001,0.0,47255.669,48637.276,
LT1[102],0.31,0.141,0.088,0.538,0.001,0.0,47923.815,48811.57,
LT1[103],0.048,0.109,-0.123,0.226,0.0,0.0,49008.355,49063.122,
LT1[104],0.075,0.131,-0.135,0.283,0.001,0.0,49809.711,49620.115,
LT1[105],-0.159,0.14,-0.383,0.066,0.001,0.0,50015.696,48691.223,
LT1[106],-0.089,0.169,-0.359,0.182,0.001,0.001,49542.246,49587.222,
LT1[107],0.073,0.097,-0.084,0.225,0.0,0.0,49668.308,49336.632,
LT1[108],0.189,0.119,-0.003,0.376,0.001,0.0,48922.537,49219.281,
LT1[109],0.31,0.208,-0.014,0.647,0.001,0.001,49506.843,49134.313,
LT1[110],-0.037,0.102,-0.201,0.124,0.0,0.0,49329.15,49092.259,
LT1[111],0.245,0.079,0.115,0.369,0.0,0.0,50272.935,49917.682,
LT1[112],-0.259,0.125,-0.46,-0.062,0.001,0.0,49773.207,47565.55,
LT1[113],0.173,0.147,-0.066,0.404,0.001,0.0,48984.286,49177.933,
LT1[114],-0.148,0.101,-0.305,0.017,0.0,0.0,48716.539,48654.913,
LT1[115],-0.281,0.185,-0.574,0.018,0.001,0.001,50129.381,49370.882,
LT1[116],-0.319,0.112,-0.503,-0.145,0.0,0.0,50721.38,50284.942,
LT1[117],0.147,0.112,-0.03,0.327,0.001,0.0,49520.045,49288.574,
LT1[118],-0.136,0.094,-0.288,0.012,0.0,0.0,49325.659,48600.243,
LT1[119],0.279,0.111,0.099,0.455,0.001,0.0,48902.446,49176.503,
LT1[120],0.165,0.152,-0.076,0.41,0.001,0.0,49405.488,48727.299,
LT1[121],0.148,0.093,0.002,0.299,0.0,0.0,50427.681,49708.908,
LT1[122],0.092,0.124,-0.106,0.291,0.001,0.0,49466.157,48780.55,
LT1[123],0.124,0.13,-0.082,0.332,0.001,0.0,47773.209,49250.613,
LT1[124],-0.066,0.089,-0.21,0.073,0.0,0.0,49865.448,49545.109,
LT1[125],0.131,0.093,-0.015,0.28,0.0,0.0,48831.095,49179.83,
LT1[126],0.151,0.133,-0.062,0.363,0.001,0.0,49148.389,49236.083,
LT1[127],0.341,0.127,0.142,0.548,0.001,0.0,48832.934,49358.663,
LT1[128],0.006,0.104,-0.162,0.17,0.0,0.0,49909.292,49463.501,
LT1[129],0.226,0.085,0.089,0.362,0.0,0.0,49580.15,48975.213,
LT1[130],0.253,0.128,0.049,0.456,0.001,0.0,50560.201,49469.616,
LT1[131],0.199,0.164,-0.064,0.459,0.001,0.001,50156.733,48749.321,
LT1[132],0.116,0.205,-0.209,0.442,0.001,0.001,49049.5,48480.942,
LT1[133],0.217,0.14,-0.009,0.436,0.001,0.0,49398.457,50666.135,
LT1[134],0.154,0.131,-0.055,0.364,0.001,0.0,49211.44,48446.75,
LT1[135],-0.017,0.073,-0.136,0.098,0.0,0.0,49712.008,49709.145,
LT1[136],-0.063,0.105,-0.228,0.107,0.0,0.0,49890.487,49461.368,
LT1[137],-0.376,0.113,-0.558,-0.194,0.001,0.0,49517.647,48820.688,
LT1[138],0.068,0.101,-0.094,0.227,0.0,0.0,50483.431,49088.078,
LT1[139],0.216,0.103,0.05,0.38,0.0,0.0,49917.606,49625.459,
LT1[140],0.235,0.1,0.073,0.393,0.0,0.0,50048.387,49421.485,
LT1[141],-0.007,0.085,-0.144,0.129,0.0,0.0,50083.27,49416.01,
LT1[142],0.117,0.168,-0.147,0.391,0.001,0.001,49807.358,49266.806,
LT1[143],-0.18,0.151,-0.411,0.071,0.001,0.0,49398.306,49917.144,
LT1[144],-0.04,0.137,-0.254,0.183,0.001,0.0,50318.563,47957.189,
LT2,-0.086,0.011,-0.103,-0.069,0.0,0.0,48791.374,49306.228,
LT3,-0.032,0.011,-0.05,-0.015,0.0,0.0,48799.091,48147.348,
LT4,0.215,0.011,0.196,0.233,0.0,0.0,50277.309,50003.119,
eps_LT,0.825,0.007,0.813,0.836,0.0,0.0,50211.914,49655.491,
SL0[0],-0.506,0.111,-0.685,-0.331,0.0,0.0,50753.34,50513.379,
SL0[1],-0.599,0.098,-0.756,-0.444,0.0,0.0,50401.464,49624.113,
SL0[2],-0.508,0.106,-0.678,-0.34,0.0,0.0,49154.26,48900.769,
SL0[3],-0.397,0.103,-0.557,-0.229,0.0,0.0,49428.306,49878.072,
SL0[4],-0.366,0.096,-0.517,-0.211,0.0,0.0,48897.16,48479.24,
SL0[5],-0.651,0.11,-0.827,-0.479,0.0,0.0,49690.462,48848.557,
SL0[6],-0.555,0.086,-0.695,-0.419,0.0,0.0,49768.413,49586.443,
SL0[7],-0.688,0.115,-0.873,-0.504,0.001,0.0,49018.668,47670.067,
SL0[8],-0.742,0.064,-0.845,-0.64,0.0,0.0,50209.443,49502.181,
SL0[9],-0.424,0.088,-0.56,-0.278,0.0,0.0,49840.791,49942.382,
SL0[10],0.325,0.091,0.18,0.472,0.0,0.0,48710.147,49048.503,
SL0[11],-0.973,0.144,-1.206,-0.747,0.001,0.0,50040.192,49627.932,
SL0[12],-0.568,0.086,-0.7,-0.425,0.0,0.0,49572.13,49188.126,
SL0[13],-0.475,0.095,-0.625,-0.323,0.0,0.0,51178.325,49484.346,
SL0[14],-0.38,0.135,-0.595,-0.165,0.001,0.0,48180.233,49959.997,
SL0[15],-0.038,0.1,-0.199,0.121,0.0,0.0,49505.233,49803.422,
SL0[16],0.07,0.177,-0.208,0.358,0.001,0.001,50481.579,49094.198,
SL0[17],-0.691,0.131,-0.897,-0.477,0.001,0.0,49468.235,49882.87,
SL0[18],0.195,0.158,-0.068,0.439,0.001,0.001,50427.58,49498.323,
SL0[19],-0.404,0.137,-0.627,-0.19,0.001,0.0,50036.969,49234.162,
SL0[20],-0.5,0.089,-0.639,-0.354,0.0,0.0,49130.509,48615.487,
SL0[21],-0.594,0.106,-0.768,-0.428,0.0,0.0,48476.364,48683.878,
SL0[22],-0.681,0.12,-0.871,-0.487,0.001,0.0,50265.003,49691.932,
SL0[23],-0.482,0.149,-0.717,-0.242,0.001,0.0,49971.914,48665.092,
SL0[24],-0.805,0.124,-1.002,-0.606,0.001,0.0,50009.434,49859.203,
SL0[25],-0.262,0.161,-0.516,-0.001,0.001,0.001,49438.523,48283.563,
SL0[26],-0.436,0.083,-0.569,-0.306,0.0,0.0,48967.445,49586.576,
SL0[27],-0.56,0.093,-0.703,-0.406,0.0,0.0,49863.36,49190.646,
SL0[28],-0.335,0.11,-0.509,-0.159,0.0,0.0,49029.147,49535.812,
SL0[29],-0.296,0.122,-0.491,-0.1,0.001,0.0,50629.156,49184.323,
SL0[30],-0.156,0.119,-0.349,0.034,0.001,0.0,50155.77,49751.34,
SL0[31],-0.274,0.143,-0.498,-0.039,0.001,0.0,50003.321,49969.666,
SL0[32],0.222,0.118,0.037,0.414,0.001,0.0,48957.88,49827.246,
SL0[33],-0.61,0.148,-0.85,-0.378,0.001,0.0,50308.236,49759.812,
SL0[34],-0.195,0.137,-0.408,0.03,0.001,0.0,49606.204,50068.683,
SL0[35],-0.736,0.109,-0.909,-0.56,0.0,0.0,49513.786,49653.353,
SL0[36],-0.254,0.118,-0.446,-0.07,0.001,0.0,50105.503,50044.077,
SL0[37],-0.195,0.103,-0.36,-0.033,0.0,0.0,49831.626,49256.457,
SL0[38],-0.483,0.09,-0.627,-0.339,0.0,0.0,49715.889,49092.417,
SL0[39],-0.555,0.096,-0.707,-0.401,0.0,0.0,49877.343,48403.612,
SL0[40],-0.425,0.081,-0.554,-0.294,0.0,0.0,50319.86,50643.964,
SL0[41],-0.511,0.094,-0.659,-0.361,0.0,0.0,49783.526,49568.606,
SL0[42],-0.934,0.085,-1.069,-0.798,0.0,0.0,50137.892,49964.338,
SL0[43],-0.246,0.111,-0.426,-0.071,0.0,0.0,49402.329,49386.545,
SL0[44],-0.522,0.11,-0.695,-0.343,0.0,0.0,50542.952,49466.317,
SL0[45],-0.637,0.124,-0.836,-0.439,0.001,0.0,49791.644,49671.239,
SL0[46],-0.643,0.159,-0.901,-0.395,0.001,0.0,49845.76,49461.84,
SL0[47],-0.594,0.109,-0.765,-0.418,0.0,0.0,48806.101,49351.15,
SL0[48],-0.426,0.068,-0.535,-0.318,0.0,0.0,50198.02,50090.548,
SL0[49],-0.793,0.131,-1.007,-0.589,0.001,0.0,48426.028,49714.822,
SL0[50],-0.56,0.087,-0.696,-0.417,0.0,0.0,50387.569,47937.437,
SL0[51],-0.582,0.12,-0.774,-0.388,0.001,0.0,49447.175,49641.1,
SL0[52],-0.412,0.089,-0.555,-0.273,0.0,0.0,48808.864,49216.692,
SL0[53],-0.441,0.146,-0.678,-0.212,0.001,0.0,49491.925,49137.312,
SL0[54],-0.34,0.127,-0.542,-0.135,0.001,0.0,50726.999,49916.25,
SL0[55],-0.237,0.124,-0.435,-0.038,0.001,0.0,49963.611,49421.348,
SL0[56],-0.803,0.137,-1.024,-0.585,0.001,0.0,49465.933,49214.277,
SL0[57],-0.276,0.131,-0.482,-0.064,0.001,0.0,49505.946,49543.25,
SL0[58],-0.459,0.073,-0.576,-0.341,0.0,0.0,50943.406,49900.503,
SL0[59],-0.474,0.104,-0.64,-0.307,0.0,0.0,49203.321,49772.472,
SL0[60],-0.718,0.083,-0.85,-0.586,0.0,0.0,49726.494,49035.25,
SL0[61],-0.583,0.081,-0.71,-0.45,0.0,0.0,49716.689,49068.729,
SL0[62],-0.037,0.085,-0.169,0.101,0.0,0.0,48404.273,50127.176,
SL0[63],-0.159,0.11,-0.336,0.015,0.0,0.0,50015.55,49411.668,
SL0[64],-0.765,0.144,-0.998,-0.54,0.001,0.0,50288.974,50128.017,
SL0[65],-0.363,0.132,-0.57,-0.149,0.001,0.0,50622.622,49962.884,
SL0[66],0.008,0.107,-0.162,0.181,0.0,0.0,49770.847,49870.809,
SL0[67],0.036,0.095,-0.114,0.188,0.0,0.0,49647.867,48457.075,
SL0[68],-0.348,0.098,-0.504,-0.191,0.0,0.0,51133.806,49295.857,
SL0[69],-0.371,0.129,-0.582,-0.168,0.001,0.0,49196.138,49942.92,
SL0[70],-0.103,0.1,-0.26,0.06,0.0,0.0,49998.331,49627.492,
SL0[71],-0.62,0.153,-0.859,-0.371,0.001,0.0,50460.809,49628.021,
SL0[72],-0.642,0.067,-0.75,-0.536,0.0,0.0,50513.767,49500.305,
SL0[73],-0.418,0.089,-0.56,-0.275,0.0,0.0,50235.466,50171.871,
SL0[74],-0.099,0.067,-0.206,0.009,0.0,0.0,50907.277,48890.896,
SL0[75],0.25,0.188,-0.049,0.551,0.001,0.001,50218.614,50561.978,
SL0[76],-0.313,0.154,-0.561,-0.071,0.001,0.0,49665.619,49092.582,
SL0[77],0.311,0.258,-0.097,0.724,0.001,0.001,49240.767,47485.77,
SL0[78],0.348,0.072,0.231,0.458,0.0,0.0,49243.142,49775.852,
SL0[79],0.334,0.11,0.162,0.513,0.0,0.0,49694.533,49273.507,
SL0[80],-0.879,0.102,-1.046,-0.722,0.0,0.0,50031.793,49300.255,
SL0[81],0.221,0.077,0.096,0.342,0.0,0.0,49565.169,49220.777,
SL0[82],0.864,0.165,0.598,1.127,0.001,0.001,48376.352,50215.541,
SL0[83],-0.022,0.091,-0.17,0.121,0.0,0.0,50451.483,49342.163,
SL0[84],0.419,0.101,0.257,0.579,0.0,0.0,49072.323,48482.796,
SL0[85],-0.223,0.099,-0.383,-0.067,0.0,0.0,49499.512,48158.828,
SL0[86],0.748,0.126,0.545,0.947,0.001,0.0,50002.13,49592.256,
SL0[87],0.515,0.102,0.349,0.677,0.0,0.0,49522.87,49689.9,
SL0[88],0.552,0.08,0.423,0.678,0.0,0.0,48942.792,49503.919,
SL0[89],0.932,0.225,0.573,1.291,0.001,0.001,50447.866,48183.231,
SL0[90],0.531,0.071,0.418,0.645,0.0,0.0,49805.604,49063.713,
SL0[91],0.475,0.07,0.364,0.587,0.0,0.0,49392.41,48377.209,
SL0[92],0.691,0.099,0.532,0.848,0.0,0.0,48089.441,49428.689,
SL0[93],0.547,0.093,0.4,0.696,0.0,0.0,49215.852,49648.683,
SL0[94],0.296,0.09,0.152,0.439,0.0,0.0,50822.804,49088.501,
SL0[95],0.452,0.072,0.334,0.564,0.0,0.0,49299.107,48399.609,
SL0[96],0.528,0.055,0.44,0.616,0.0,0.0,50741.559,50170.85,
SL0[97],0.805,0.236,0.431,1.18,0.001,0.001,49283.348,48159.467,
SL0[98],-0.364,0.092,-0.512,-0.22,0.0,0.0,49157.195,49567.109,
SL0[99],0.522,0.207,0.194,0.854,0.001,0.001,50840.786,48899.95,
SL0[100],0.779,0.09,0.634,0.92,0.0,0.0,49875.2,49704.83,
SL0[101],0.615,0.09,0.473,0.761,0.0,0.0,49857.577,49962.05,
SL0[102],0.676,0.121,0.484,0.872,0.001,0.0,50717.814,49526.713,
SL0[103],0.679,0.087,0.543,0.819,0.0,0.0,49129.765,49143.955,
SL0[104],0.706,0.105,0.544,0.878,0.0,0.0,47871.049,49129.914,
SL0[105],0.544,0.11,0.365,0.717,0.0,0.0,49923.382,49939.877,
SL0[106],0.528,0.133,0.316,0.741,0.001,0.0,49237.288,50173.226,
SL0[107],0.415,0.083,0.285,0.548,0.0,0.0,49028.112,49347.943,
SL0[108],-0.103,0.102,-0.267,0.062,0.0,0.0,49296.283,47423.089,
SL0[109],0.529,0.163,0.272,0.791,0.001,0.001,50215.423,49415.94,
SL0[110],0.493,0.082,0.36,0.622,0.0,0.0,49381.502,49832.352,
SL0[111],0.664,0.062,0.569,0.765,0.0,0.0,50438.146,50003.349,
SL0[112],0.334,0.107,0.166,0.507,0.0,0.0,48660.108,49784.929,
SL0[113],0.561,0.108,0.387,0.73,0.0,0.0,50260.725,49239.209,
SL0[114],0.523,0.085,0.389,0.663,0.0,0.0,50350.731,49709.077,
SL0[115],0.556,0.144,0.328,0.79,0.001,0.0,48873.204,49884.45,
SL0[116],0.517,0.092,0.371,0.664,0.0,0.0,49281.973,48683.064,
SL0[117],0.255,0.09,0.111,0.399,0.0,0.0,50349.695,49849.914,
SL0[118],0.337,0.074,0.221,0.458,0.0,0.0,49901.548,49931.828,
SL0[119],0.604,0.09,0.465,0.752,0.0,0.0,50352.195,49583.044,
SL0[120],0.476,0.133,0.261,0.687,0.001,0.0,48795.363,48894.361,
SL0[121],0.483,0.077,0.357,0.602,0.0,0.0,49805.159,50130.401,
SL0[122],0.777,0.114,0.599,0.962,0.001,0.0,50259.876,49667.814,
SL0[123],0.512,0.117,0.323,0.698,0.001,0.0,49761.117,49586.522,
SL0[124],0.732,0.068,0.622,0.84,0.0,0.0,49618.332,48140.332,
SL0[125],0.629,0.073,0.511,0.746,0.0,0.0,49812.205,50086.112,
SL0[126],0.7,0.111,0.526,0.879,0.0,0.0,50438.097,50258.558,
SL0[127],0.69,0.112,0.518,0.877,0.001,0.0,49406.822,49365.732,
SL0[128],0.775,0.077,0.652,0.897,0.0,0.0,49753.176,49379.098,
SL0[129],0.808,0.07,0.694,0.919,0.0,0.0,49992.575,49326.708,
SL0[130],0.819,0.123,0.623,1.016,0.001,0.0,49996.407,49525.112,
SL0[131],0.633,0.133,0.416,0.842,0.001,0.0,50135.785,49343.436,
SL0[132],0.472,0.173,0.196,0.747,0.001,0.001,50098.259,49134.255,
SL0[133],0.902,0.119,0.713,1.091,0.001,0.0,50003.195,48761.762,
SL0[134],0.673,0.116,0.486,0.856,0.001,0.0,48721.122,48945.898,
SL0[135],0.518,0.058,0.425,0.61,0.0,0.0,49666.833,47317.659,
SL0[136],0.391,0.088,0.25,0.53,0.0,0.0,50504.27,50337.914,
SL0[137],0.473,0.097,0.324,0.633,0.0,0.0,49596.836,48850.409,
SL0[138],0.556,0.084,0.42,0.688,0.0,0.0,49544.345,49637.281,
SL0[139],0.431,0.089,0.291,0.573,0.0,0.0,49599.369,49482.048,
SL0[140],0.811,0.089,0.666,0.949,0.0,0.0,50444.822,50213.535,
SL0[141],0.56,0.068,0.449,0.668,0.0,0.0,50754.788,49460.426,
SL0[142],0.737,0.146,0.506,0.972,0.001,0.0,49640.304,49627.932,
SL0[143],0.282,0.13,0.076,0.49,0.001,0.0,47865.996,48652.031,
SL0[144],1.076,0.134,0.86,1.286,0.001,0.0,50687.923,47852.788,
SL1[0],-0.225,0.167,-0.492,0.04,0.001,0.001,49867.688,49918.504,
SL1[1],-0.01,0.099,-0.165,0.149,0.0,0.0,50306.234,49655.328,
SL1[2],-0.153,0.092,-0.295,-0.001,0.0,0.0,49430.237,47571.595,
SL1[3],-0.16,0.134,-0.381,0.049,0.001,0.0,49953.084,49739.656,
SL1[4],-0.081,0.141,-0.305,0.148,0.001,0.0,50314.352,50428.743,
SL1[5],-0.465,0.1,-0.623,-0.304,0.0,0.0,50206.772,49226.937,
SL1[6],-0.206,0.11,-0.379,-0.029,0.0,0.0,50083.89,49960.652,
SL1[7],-0.014,0.102,-0.177,0.148,0.0,0.0,48579.783,49444.268,
SL1[8],-0.241,0.054,-0.33,-0.156,0.0,0.0,49458.945,48658.511,
SL1[9],0.095,0.088,-0.042,0.239,0.0,0.0,50064.751,50296.065,
SL1[10],0.086,0.096,-0.068,0.239,0.0,0.0,49959.35,49175.902,
SL1[11],-0.322,0.137,-0.544,-0.107,0.001,0.0,50692.892,49441.728,
SL1[12],-0.026,0.089,-0.171,0.115,0.0,0.0,49617.262,49091.998,
SL1[13],-0.28,0.091,-0.422,-0.132,0.0,0.0,49350.243,48151.481,
SL1[14],-0.535,0.119,-0.726,-0.347,0.001,0.0,50540.748,49716.499,
SL1[15],-0.016,0.107,-0.187,0.155,0.0,0.0,50059.076,49214.813,
SL1[16],0.483,0.231,0.111,0.847,0.001,0.001,49348.525,50230.642,
SL1[17],-0.346,0.105,-0.512,-0.178,0.0,0.0,49855.917,49623.767,
SL1[18],0.149,0.117,-0.038,0.335,0.001,0.0,50314.187,49734.033,
SL1[19],-0.251,0.113,-0.433,-0.075,0.001,0.0,50124.958,48903.042,
SL1[20],-0.1,0.091,-0.245,0.044,0.0,0.0,49789.038,49142.991,
SL1[21],-0.084,0.105,-0.252,0.085,0.0,0.0,49073.934,49184.586,
SL1[22],-0.26,0.162,-0.519,-0.0,0.001,0.001,49553.925,49092.322,
SL1[23],-0.141,0.115,-0.324,0.045,0.001,0.0,50685.685,49132.392,
SL1[24],-0.157,0.152,-0.396,0.089,0.001,0.0,49984.934,48693.369,
SL1[25],0.139,0.18,-0.147,0.429,0.001,0.001,50053.12,49961.798,
SL1[26],-0.062,0.091,-0.207,0.082,0.0,0.0,49960.185,48222.992,
SL1[27],-0.174,0.081,-0.305,-0.047,0.0,0.0,50255.435,49583.552,
SL1[28],-0.111,0.103,-0.273,0.056,0.0,0.0,49983.986,48726.794,
SL1[29],-0.219,0.108,-0.39,-0.045,0.0,0.0,50189.746,49586.796,
SL1[30],-0.102,0.106,-0.272,0.066,0.0,0.0,49577.395,49504.075,
SL1[31],0.122,0.123,-0.075,0.318,0.001,0.0,49362.745,48216.142,
SL1[32],0.167,0.167,-0.104,0.43,0.001,0.001,48883.184,49171.002,
SL1[33],-0.458,0.204,-0.789,-0.137,0.001,0.001,50494.016,49058.709,
SL1[34],-0.398,0.137,-0.614,-0.176,0.001,0.0,49451.998,49847.155,
SL1[35],-0.433,0.099,-0.588,-0.271,0.0,0.0,46675.238,47656.039,
SL1[36],0.244,0.169,-0.027,0.512,0.001,0.001,51075.919,49382.561,
SL1[37],-0.219,0.163,-0.476,0.046,0.001,0.001,49654.927,48504.017,
SL1[38],-0.065,0.141,-0.291,0.159,0.001,0.0,49321.355,49892.056,
SL1[39],-0.369,0.099,-0.528,-0.214,0.0,0.0,48899.875,49468.694,
SL1[40],0.056,0.076,-0.065,0.178,0.0,0.0,50486.491,50409.687,
SL1[41],-0.019,0.082,-0.15,0.112,0.0,0.0,50126.829,48950.529,
SL1[42],-0.5,0.08,-0.623,-0.369,0.0,0.0,49639.914,50127.362,
SL1[43],-0.099,0.099,-0.252,0.063,0.0,0.0,49834.766,49258.951,
SL1[44],-0.075,0.121,-0.269,0.118,0.001,0.0,49077.172,48501.572,
SL1[45],-0.102,0.101,-0.266,0.057,0.0,0.0,50650.818,49421.427,
SL1[46],-0.066,0.208,-0.388,0.277,0.001,0.001,50141.173,50424.452,
SL1[47],-0.067,0.102,-0.231,0.094,0.0,0.0,48864.821,49059.665,
SL1[48],-0.08,0.069,-0.194,0.027,0.0,0.0,50315.821,49727.99,
SL1[49],-0.015,0.153,-0.263,0.227,0.001,0.0,49173.842,49501.524,
SL1[50],-0.177,0.084,-0.314,-0.045,0.0,0.0,48684.442,48500.288,
SL1[51],-0.07,0.165,-0.332,0.196,0.001,0.001,49080.612,49796.6,
SL1[52],-0.41,0.071,-0.522,-0.295,0.0,0.0,49623.125,48941.076,
SL1[53],-0.667,0.109,-0.84,-0.494,0.0,0.0,50188.546,49627.638,
SL1[54],0.394,0.191,0.086,0.695,0.001,0.001,48055.567,47907.158,
SL1[55],-0.014,0.21,-0.347,0.322,0.001,0.001,50000.017,49883.916,
SL1[56],-0.395,0.163,-0.655,-0.134,0.001,0.001,50369.13,50081.728,
SL1[57],0.034,0.123,-0.161,0.232,0.001,0.0,49622.389,49803.502,
SL1[58],-0.213,0.077,-0.337,-0.091,0.0,0.0,49145.902,48314.407,
SL1[59],0.018,0.11,-0.154,0.198,0.0,0.0,49788.86,47190.423,
SL1[60],-0.271,0.094,-0.425,-0.124,0.0,0.0,50618.494,49309.277,
SL1[61],-0.1,0.086,-0.238,0.038,0.0,0.0,49491.8,48747.818,
SL1[62],0.021,0.08,-0.109,0.148,0.0,0.0,48629.0,48530.458,
SL1[63],0.185,0.122,-0.009,0.38,0.001,0.0,49751.994,49627.968,
SL1[64],-0.109,0.178,-0.392,0.175,0.001,0.001,49748.083,48699.192,
SL1[65],-0.124,0.12,-0.313,0.069,0.001,0.0,50224.017,49399.046,
SL1[66],0.006,0.128,-0.2,0.207,0.001,0.0,49645.709,49304.025,
SL1[67],-0.036,0.105,-0.202,0.133,0.0,0.0,48855.905,48770.707,
SL1[68],-0.442,0.1,-0.608,-0.287,0.0,0.0,49243.205,49750.891,
SL1[69],0.247,0.19,-0.069,0.539,0.001,0.001,50288.977,49169.848,
SL1[70],-0.325,0.107,-0.496,-0.152,0.0,0.0,47850.389,47717.641,
SL1[71],-0.046,0.192,-0.35,0.267,0.001,0.001,49807.687,49052.293,
SL1[72],-0.298,0.067,-0.402,-0.186,0.0,0.0,50065.814,49256.677,
SL1[73],0.109,0.086,-0.031,0.242,0.0,0.0,50149.571,49514.24,
SL1[74],-0.391,0.07,-0.502,-0.278,0.0,0.0,49404.249,49667.152,
SL1[75],-0.261,0.226,-0.623,0.094,0.001,0.001,49663.167,49366.749,
SL1[76],0.185,0.221,-0.173,0.532,0.001,0.001,49100.06,49624.446,
SL1[77],0.107,0.347,-0.447,0.663,0.002,0.001,50180.324,49913.979,
SL1[78],-0.132,0.068,-0.24,-0.023,0.0,0.0,49709.515,49502.027,
SL1[79],-0.246,0.096,-0.395,-0.09,0.0,0.0,49796.067,49800.948,
SL1[80],-0.249,0.09,-0.391,-0.103,0.0,0.0,49551.149,49167.893,
SL1[81],-0.255,0.072,-0.371,-0.141,0.0,0.0,50453.953,48381.607,
SL1[82],0.302,0.233,-0.066,0.676,0.001,0.001,49358.485,49886.952,
SL1[83],-0.115,0.091,-0.259,0.031,0.0,0.0,49274.733,48718.311,
SL1[84],0.002,0.093,-0.148,0.149,0.0,0.0,50094.041,48522.966,
SL1[85],0.024,0.097,-0.135,0.176,0.0,0.0,49332.537,49006.325,
SL1[86],-0.062,0.141,-0.293,0.158,0.001,0.0,49872.933,49537.956,
SL1[87],0.231,0.095,0.078,0.383,0.0,0.0,49637.622,49497.175,
SL1[88],-0.152,0.088,-0.292,-0.011,0.0,0.0,50303.538,49775.132,
SL1[89],0.028,0.317,-0.487,0.524,0.001,0.001,48819.936,50045.895,
SL1[90],-0.162,0.077,-0.29,-0.043,0.0,0.0,50424.488,49467.405,
SL1[91],-0.142,0.071,-0.255,-0.03,0.0,0.0,50299.877,49525.765,
SL1[92],-0.089,0.092,-0.234,0.06,0.0,0.0,50524.361,49035.321,
SL1[93],-0.029,0.099,-0.186,0.132,0.0,0.0,49385.037,48514.802,
SL1[94],0.002,0.076,-0.12,0.122,0.0,0.0,49355.614,49228.142,
SL1[95],-0.176,0.067,-0.284,-0.069,0.0,0.0,50066.302,49339.255,
SL1[96],-0.036,0.053,-0.121,0.048,0.0,0.0,49760.565,49159.327,
SL1[97],0.067,0.316,-0.434,0.575,0.001,0.001,50138.249,49707.537,
SL1[98],0.01,0.086,-0.13,0.145,0.0,0.0,49965.469,49339.163,
SL1[99],-0.115,0.337,-0.642,0.433,0.002,0.001,48215.29,48988.874,
SL1[100],0.041,0.095,-0.11,0.193,0.0,0.0,50058.963,50046.356,
SL1[101],-0.171,0.09,-0.314,-0.029,0.0,0.0,49272.225,48617.089,
SL1[102],0.232,0.169,-0.035,0.505,0.001,0.001,50606.883,48815.07,
SL1[103],-0.192,0.08,-0.32,-0.064,0.0,0.0,50287.696,49428.48,
SL1[104],0.068,0.178,-0.219,0.352,0.001,0.001,50156.404,49099.015,
SL1[105],-0.236,0.099,-0.397,-0.08,0.0,0.0,49581.021,49793.077,
SL1[106],-0.196,0.218,-0.545,0.15,0.001,0.001,50775.172,49960.652,
SL1[107],-0.043,0.093,-0.189,0.109,0.0,0.0,49997.651,47894.577,
SL1[108],-0.155,0.116,-0.34,0.032,0.001,0.0,49014.248,49117.012,
SL1[109],-0.312,0.109,-0.489,-0.139,0.0,0.0,49609.954,50002.725,
SL1[110],-0.274,0.092,-0.423,-0.129,0.0,0.0,49094.886,49332.47,
SL1[111],0.024,0.056,-0.065,0.114,0.0,0.0,48630.461,49399.466,
SL1[112],0.186,0.153,-0.065,0.427,0.001,0.0,50380.492,50110.634,
SL1[113],-0.004,0.098,-0.162,0.15,0.0,0.0,49042.898,49178.727,
SL1[114],-0.498,0.085,-0.634,-0.363,0.0,0.0,49667.747,48403.996,
SL1[115],-0.36,0.126,-0.556,-0.154,0.001,0.0,50171.334,49802.266,
SL1[116],-0.556,0.095,-0.705,-0.401,0.0,0.0,49135.45,47411.674,
SL1[117],-0.289,0.082,-0.421,-0.159,0.0,0.0,50096.542,49535.441,
SL1[118],-0.308,0.062,-0.407,-0.208,0.0,0.0,49832.58,48205.04,
SL1[119],0.092,0.076,-0.031,0.211,0.0,0.0,50227.15,49546.915,
SL1[120],-0.412,0.101,-0.569,-0.247,0.0,0.0,49801.448,49318.412,
SL1[121],-0.192,0.065,-0.293,-0.087,0.0,0.0,49664.085,49985.191,
SL1[122],-0.268,0.089,-0.409,-0.124,0.0,0.0,48718.058,48556.757,
SL1[123],-0.411,0.105,-0.58,-0.246,0.0,0.0,50601.287,48829.314,
SL1[124],-0.044,0.071,-0.153,0.073,0.0,0.0,49389.253,48572.238,
SL1[125],0.109,0.082,-0.022,0.242,0.0,0.0,48543.185,48759.455,
SL1[126],-0.392,0.097,-0.546,-0.236,0.0,0.0,50163.803,49917.686,
SL1[127],-0.256,0.1,-0.414,-0.093,0.0,0.0,49640.426,50468.141,
SL1[128],-0.099,0.063,-0.201,-0.0,0.0,0.0,50452.624,49246.911,
SL1[129],0.048,0.07,-0.063,0.161,0.0,0.0,48581.33,49328.31,
SL1[130],0.325,0.165,0.054,0.582,0.001,0.001,50054.839,49827.065,
SL1[131],0.08,0.103,-0.078,0.25,0.0,0.0,49743.155,49442.883,
SL1[132],-0.003,0.236,-0.378,0.379,0.001,0.001,50137.705,49254.874,
SL1[133],0.027,0.164,-0.232,0.293,0.001,0.001,48688.164,48589.668,
SL1[134],-0.302,0.163,-0.562,-0.042,0.001,0.001,48261.5,48552.682,
SL1[135],-0.434,0.069,-0.54,-0.32,0.0,0.0,49409.253,48290.109,
SL1[136],-0.088,0.082,-0.22,0.043,0.0,0.0,48501.393,48788.51,
SL1[137],-0.367,0.096,-0.52,-0.212,0.0,0.0,48818.018,50324.172,
SL1[138],-0.231,0.085,-0.367,-0.098,0.0,0.0,50230.113,49586.522,
SL1[139],-0.331,0.075,-0.454,-0.212,0.0,0.0,49720.766,49585.285,
SL1[140],0.16,0.088,0.022,0.301,0.0,0.0,49636.631,48820.66,
SL1[141],-0.249,0.066,-0.354,-0.142,0.0,0.0,49671.298,50107.664,
SL1[142],-0.165,0.168,-0.429,0.107,0.001,0.001,48666.938,48542.976,
SL1[143],-0.599,0.164,-0.847,-0.324,0.001,0.001,49968.652,49502.181,
SL1[144],0.015,0.172,-0.262,0.287,0.001,0.001,50283.027,49628.763,
SL2,-0.002,0.009,-0.016,0.012,0.0,0.0,49484.532,49487.725,
SL3,0.057,0.009,0.043,0.071,0.0,0.0,50058.813,49784.995,
eps_SL,0.681,0.006,0.671,0.692,0.0,0.0,48009.344,49141.294,
lambda0[0],0.058,0.026,0.02,0.092,0.0,0.0,49178.937,48540.844,
lambda0[1],0.122,0.042,0.057,0.179,0.0,0.0,49643.949,48800.335,
lambda0[2],0.096,0.04,0.039,0.151,0.0,0.0,47544.903,47938.333,
lambda0[3],0.087,0.032,0.04,0.132,0.0,0.0,50177.335,49543.972,
lambda0[4],0.088,0.032,0.04,0.132,0.0,0.0,48981.925,49221.259,
lambda0[5],0.073,0.029,0.03,0.112,0.0,0.0,49832.793,49029.647,
lambda0[6],0.072,0.025,0.034,0.107,0.0,0.0,48728.603,49190.384,
lambda0[7],0.052,0.028,0.014,0.088,0.0,0.0,50326.593,46557.195,
lambda0[8],0.048,0.017,0.022,0.072,0.0,0.0,49217.363,49375.183,
lambda0[9],0.081,0.028,0.039,0.121,0.0,0.0,49922.715,48048.435,
lambda0[10],0.058,0.024,0.023,0.091,0.0,0.0,49936.213,49669.166,
lambda0[11],0.067,0.037,0.018,0.113,0.0,0.0,49601.983,49134.775,
lambda0[12],0.061,0.022,0.028,0.092,0.0,0.0,49935.001,49645.746,
lambda0[13],0.05,0.024,0.016,0.082,0.0,0.0,49661.5,48609.801,
lambda0[14],0.077,0.041,0.021,0.129,0.0,0.0,49103.862,50343.052,
lambda0[15],0.05,0.024,0.016,0.082,0.0,0.0,49347.599,49469.746,
lambda0[16],0.107,0.058,0.029,0.18,0.0,0.0,49973.415,49262.286,
lambda0[17],0.053,0.033,0.011,0.094,0.0,0.0,50613.231,48928.585,
lambda0[18],0.049,0.039,0.006,0.091,0.0,0.0,50193.05,49706.608,
lambda0[19],0.106,0.051,0.036,0.175,0.0,0.0,49846.727,49558.779,
lambda0[20],0.047,0.023,0.015,0.077,0.0,0.0,49671.556,49752.687,
lambda0[21],0.038,0.021,0.01,0.064,0.0,0.0,50197.811,49665.876,
lambda0[22],0.118,0.042,0.055,0.178,0.0,0.0,49356.612,48545.052,
lambda0[23],0.094,0.052,0.026,0.16,0.0,0.0,48961.517,49083.08,
lambda0[24],0.073,0.036,0.023,0.119,0.0,0.0,50669.851,50006.934,
lambda0[25],0.079,0.044,0.021,0.134,0.0,0.0,50110.705,49853.719,
lambda0[26],0.075,0.024,0.039,0.109,0.0,0.0,50495.833,49843.064,
lambda0[27],0.022,0.017,0.003,0.041,0.0,0.0,48915.477,49337.795,
lambda0[28],0.056,0.031,0.015,0.095,0.0,0.0,50622.612,50003.226,
lambda0[29],0.096,0.04,0.038,0.149,0.0,0.0,50560.831,49418.564,
lambda0[30],0.051,0.032,0.011,0.09,0.0,0.0,50509.134,49735.681,
lambda0[31],0.064,0.04,0.013,0.112,0.0,0.0,50892.994,49295.653,
lambda0[32],0.037,0.028,0.005,0.068,0.0,0.0,49694.176,49335.851,
lambda0[33],0.079,0.043,0.022,0.134,0.0,0.0,49978.776,49061.108,
lambda0[34],0.116,0.048,0.045,0.181,0.0,0.0,49972.384,49027.271,
lambda0[35],0.104,0.037,0.049,0.157,0.0,0.0,49369.653,48661.391,
lambda0[36],0.124,0.049,0.053,0.191,0.0,0.0,49596.251,49849.823,
lambda0[37],0.075,0.028,0.033,0.115,0.0,0.0,48968.588,49263.784,
lambda0[38],0.05,0.021,0.02,0.078,0.0,0.0,46926.174,46852.176,
lambda0[39],0.051,0.023,0.019,0.082,0.0,0.0,51067.834,50003.726,
lambda0[40],0.099,0.032,0.05,0.145,0.0,0.0,50394.913,48424.719,
lambda0[41],0.061,0.025,0.025,0.096,0.0,0.0,49919.412,48672.701,
lambda0[42],0.101,0.032,0.053,0.148,0.0,0.0,50233.741,49636.961,
lambda0[43],0.113,0.044,0.049,0.173,0.0,0.0,50242.733,49804.965,
lambda0[44],0.108,0.042,0.047,0.168,0.0,0.0,50277.321,49458.664,
lambda0[45],0.055,0.03,0.014,0.092,0.0,0.0,48463.098,49749.525,
lambda0[46],0.121,0.054,0.045,0.195,0.0,0.0,49757.308,48189.184,
lambda0[47],0.101,0.042,0.04,0.158,0.0,0.0,49485.538,48939.072,
lambda0[48],0.03,0.014,0.011,0.048,0.0,0.0,49945.849,48858.711,
lambda0[49],0.088,0.043,0.029,0.145,0.0,0.0,50063.943,49466.014,
lambda0[50],0.093,0.03,0.047,0.136,0.0,0.0,49938.94,48549.564,
lambda0[51],0.093,0.041,0.034,0.148,0.0,0.0,49533.693,49876.421,
lambda0[52],0.036,0.02,0.01,0.062,0.0,0.0,50022.965,49878.162,
lambda0[53],0.06,0.038,0.012,0.105,0.0,0.0,48061.918,48836.866,
lambda0[54],0.108,0.048,0.04,0.172,0.0,0.0,49357.239,49008.328,
lambda0[55],0.052,0.028,0.014,0.088,0.0,0.0,49461.731,49545.224,
lambda0[56],0.068,0.037,0.018,0.114,0.0,0.0,47777.319,48157.273,
lambda0[57],0.071,0.033,0.025,0.116,0.0,0.0,47810.619,48042.742,
lambda0[58],0.047,0.02,0.019,0.074,0.0,0.0,50291.497,49287.542,
lambda0[59],0.09,0.034,0.04,0.138,0.0,0.0,50735.802,49638.295,
lambda0[60],0.057,0.024,0.023,0.091,0.0,0.0,50531.24,49712.705,
lambda0[61],0.023,0.015,0.005,0.041,0.0,0.0,50018.655,49578.026,
lambda0[62],0.077,0.027,0.036,0.114,0.0,0.0,48813.61,48842.438,
lambda0[63],0.09,0.037,0.036,0.14,0.0,0.0,49171.938,49586.591,
lambda0[64],0.1,0.045,0.035,0.16,0.0,0.0,49716.401,49794.532,
lambda0[65],0.057,0.035,0.012,0.099,0.0,0.0,50122.899,50128.574,
lambda0[66],0.051,0.028,0.014,0.086,0.0,0.0,49474.542,48112.226,
lambda0[67],0.028,0.018,0.006,0.05,0.0,0.0,49427.183,49146.345,
lambda0[68],0.048,0.023,0.016,0.078,0.0,0.0,49723.94,48828.784,
lambda0[69],0.074,0.036,0.023,0.12,0.0,0.0,49837.45,48286.454,
lambda0[70],0.094,0.032,0.045,0.14,0.0,0.0,49051.863,48438.863,
lambda0[71],0.104,0.052,0.032,0.171,0.0,0.0,50298.481,49505.584,
lambda0[72],0.042,0.016,0.018,0.064,0.0,0.0,50364.289,50471.61,
lambda0[73],0.053,0.023,0.02,0.085,0.0,0.0,50765.263,49478.411,
lambda0[74],0.017,0.009,0.004,0.028,0.0,0.0,50249.632,49760.332,
lambda0[75],0.087,0.053,0.019,0.153,0.0,0.0,46927.572,49629.376,
lambda0[76],0.077,0.049,0.016,0.135,0.0,0.0,50257.222,49221.544,
lambda0[77],0.112,0.072,0.022,0.199,0.0,0.001,50773.336,49602.705,
lambda0[78],0.033,0.014,0.013,0.052,0.0,0.0,49037.395,48505.091,
lambda0[79],0.1,0.041,0.041,0.156,0.0,0.0,50427.7,48625.383,
lambda0[80],0.068,0.027,0.028,0.105,0.0,0.0,50054.604,49954.033,
lambda0[81],0.031,0.015,0.01,0.051,0.0,0.0,48688.017,48578.562,
lambda0[82],0.116,0.055,0.039,0.189,0.0,0.0,49564.006,49498.397,
lambda0[83],0.044,0.02,0.017,0.071,0.0,0.0,49249.279,49152.647,
lambda0[84],0.036,0.023,0.008,0.064,0.0,0.0,45466.031,48657.568,
lambda0[85],0.034,0.021,0.007,0.06,0.0,0.0,49141.349,49794.918,
lambda0[86],0.084,0.038,0.03,0.135,0.0,0.0,50841.501,50268.462,
lambda0[87],0.054,0.026,0.017,0.088,0.0,0.0,50072.566,49791.453,
lambda0[88],0.039,0.017,0.014,0.062,0.0,0.0,49626.869,49637.686,
lambda0[89],0.08,0.061,0.009,0.148,0.0,0.001,49543.201,48975.213,
lambda0[90],0.034,0.015,0.012,0.054,0.0,0.0,49627.273,49099.231,
lambda0[91],0.057,0.02,0.026,0.085,0.0,0.0,49521.601,49748.004,
lambda0[92],0.074,0.028,0.032,0.114,0.0,0.0,49722.208,49053.489,
lambda0[93],0.085,0.031,0.039,0.128,0.0,0.0,49609.209,49248.214,
lambda0[94],0.062,0.023,0.027,0.093,0.0,0.0,47307.804,49627.575,
lambda0[95],0.044,0.016,0.02,0.066,0.0,0.0,49512.913,49835.575,
lambda0[96],0.012,0.008,0.003,0.021,0.0,0.0,49542.335,48807.14,
lambda0[97],0.058,0.063,0.003,0.117,0.0,0.001,50399.531,48894.046,
lambda0[98],0.056,0.022,0.024,0.086,0.0,0.0,50409.88,49754.363,
lambda0[99],0.091,0.056,0.02,0.159,0.0,0.0,49577.226,49233.561,
lambda0[100],0.089,0.033,0.04,0.134,0.0,0.0,49999.238,48899.094,
lambda0[101],0.068,0.028,0.028,0.106,0.0,0.0,48363.031,49540.474,
lambda0[102],0.068,0.033,0.022,0.111,0.0,0.0,49348.236,47146.4,
lambda0[103],0.035,0.017,0.011,0.057,0.0,0.0,49246.192,49669.448,
lambda0[104],0.048,0.024,0.015,0.079,0.0,0.0,50543.879,50727.911,
lambda0[105],0.056,0.027,0.019,0.092,0.0,0.0,49425.014,49295.857,
lambda0[106],0.099,0.045,0.035,0.158,0.0,0.0,50213.49,49925.124,
lambda0[107],0.097,0.03,0.05,0.14,0.0,0.0,49607.789,49779.959,
lambda0[108],0.019,0.019,0.001,0.037,0.0,0.0,50418.817,49836.163,
lambda0[109],0.055,0.043,0.007,0.103,0.0,0.0,50968.514,50254.453,
lambda0[110],0.047,0.019,0.018,0.072,0.0,0.0,49167.381,49669.564,
lambda0[111],0.039,0.015,0.017,0.06,0.0,0.0,50386.37,49669.007,
lambda0[112],0.067,0.03,0.024,0.107,0.0,0.0,50023.024,49844.319,
lambda0[113],0.057,0.028,0.019,0.094,0.0,0.0,50606.315,49439.636,
lambda0[114],0.093,0.032,0.045,0.138,0.0,0.0,49079.167,49051.86,
lambda0[115],0.034,0.037,0.001,0.067,0.0,0.001,48959.473,48812.108,
lambda0[116],0.056,0.025,0.02,0.088,0.0,0.0,48298.451,49508.225,
lambda0[117],0.04,0.02,0.013,0.067,0.0,0.0,48872.235,48976.497,
lambda0[118],0.02,0.012,0.004,0.035,0.0,0.0,49908.93,49421.079,
lambda0[119],0.05,0.025,0.016,0.082,0.0,0.0,50778.063,49375.705,
lambda0[120],0.104,0.05,0.035,0.172,0.0,0.0,49080.921,49032.442,
lambda0[121],0.048,0.02,0.02,0.075,0.0,0.0,49101.084,48860.787,
lambda0[122],0.098,0.043,0.037,0.157,0.0,0.0,49852.702,49076.002,
lambda0[123],0.084,0.037,0.031,0.133,0.0,0.0,50051.136,49749.221,
lambda0[124],0.039,0.015,0.016,0.06,0.0,0.0,48995.145,48941.269,
lambda0[125],0.033,0.014,0.013,0.052,0.0,0.0,50132.73,49137.386,
lambda0[126],0.071,0.034,0.023,0.115,0.0,0.0,49657.406,50130.529,
lambda0[127],0.106,0.039,0.048,0.16,0.0,0.0,49754.652,49501.831,
lambda0[128],0.018,0.013,0.003,0.033,0.0,0.0,49264.259,49157.108,
lambda0[129],0.068,0.022,0.034,0.1,0.0,0.0,50073.041,49244.759,
lambda0[130],0.124,0.05,0.051,0.193,0.0,0.0,49379.278,49752.538,
lambda0[131],0.105,0.046,0.039,0.169,0.0,0.0,50004.366,49752.328,
lambda0[132],0.089,0.047,0.024,0.148,0.0,0.0,50465.208,48960.461,
lambda0[133],0.107,0.044,0.044,0.167,0.0,0.0,50608.444,48142.4,
lambda0[134],0.093,0.037,0.04,0.144,0.0,0.0,50465.332,49729.797,
lambda0[135],0.025,0.011,0.01,0.04,0.0,0.0,50152.591,47943.41,
lambda0[136],0.096,0.033,0.046,0.143,0.0,0.0,50700.895,48387.7,
lambda0[137],0.057,0.026,0.02,0.091,0.0,0.0,49394.633,48820.688,
lambda0[138],0.084,0.029,0.04,0.126,0.0,0.0,49637.879,49905.885,
lambda0[139],0.051,0.022,0.019,0.081,0.0,0.0,49049.835,49705.726,
lambda0[140],0.098,0.034,0.047,0.147,0.0,0.0,49721.558,48143.928,
lambda0[141],0.045,0.018,0.019,0.07,0.0,0.0,50042.977,49707.753,
lambda0[142],0.12,0.054,0.044,0.191,0.0,0.0,49771.496,49699.17,
lambda0[143],0.099,0.043,0.037,0.157,0.0,0.0,48584.311,48462.481,
lambda0[144],0.14,0.056,0.059,0.218,0.0,0.0,50191.285,47587.044,
beta_LA[0],-1.708,0.575,-2.627,-0.791,0.003,0.002,50427.045,50225.189,
beta_LA[1],-1.164,0.438,-1.847,-0.454,0.002,0.001,49814.62,49162.393,
beta_LA[2],-0.834,0.48,-1.598,-0.064,0.002,0.002,47760.931,49752.594,
beta_LA[3],-1.851,0.499,-2.654,-1.055,0.002,0.002,50304.965,49500.638,
beta_LA[4],-1.549,0.521,-2.39,-0.729,0.002,0.002,49796.225,49542.538,
beta_LA[5],-1.868,0.509,-2.67,-1.044,0.002,0.002,50696.743,49834.71,
beta_LA[6],-1.612,0.453,-2.321,-0.876,0.002,0.001,50619.311,50386.086,
beta_LA[7],-1.301,0.642,-2.308,-0.265,0.003,0.002,50435.47,50471.723,
beta_LA[8],-0.926,0.424,-1.616,-0.259,0.002,0.001,49869.008,49013.525,
beta_LA[9],-1.453,0.46,-2.19,-0.729,0.002,0.001,50265.665,49096.056,
beta_LA[10],-1.322,0.506,-2.145,-0.525,0.002,0.002,48667.373,49624.23,
beta_LA[11],-1.589,0.639,-2.619,-0.584,0.003,0.002,50533.743,49599.699,
beta_LA[12],-1.738,0.461,-2.499,-1.028,0.002,0.001,49970.847,50002.377,
beta_LA[13],-0.709,0.536,-1.556,0.16,0.002,0.002,49325.7,48862.404,
beta_LA[14],-0.967,0.625,-1.956,0.038,0.003,0.002,49577.533,49417.269,
beta_LA[15],-1.261,0.577,-2.217,-0.372,0.003,0.002,49779.795,49629.295,
beta_LA[16],-1.157,0.659,-2.203,-0.103,0.003,0.002,50286.055,48262.791,
beta_LA[17],-1.104,0.669,-2.167,-0.024,0.003,0.002,49903.491,49458.192,
beta_LA[18],-0.849,0.746,-2.038,0.348,0.003,0.002,49890.614,49464.766,
beta_LA[19],-0.799,0.574,-1.73,0.101,0.003,0.002,50081.244,49016.189,
beta_LA[20],-0.977,0.561,-1.879,-0.084,0.003,0.002,50044.036,49624.822,
beta_LA[21],-1.372,0.609,-2.317,-0.367,0.003,0.002,49528.696,48859.239,
beta_LA[22],-1.879,0.566,-2.778,-0.97,0.003,0.002,49847.849,49083.153,
beta_LA[23],-0.755,0.606,-1.702,0.232,0.003,0.002,50208.68,48393.721,
beta_LA[24],-1.192,0.604,-2.161,-0.225,0.003,0.002,50619.106,49961.673,
beta_LA[25],-1.525,0.697,-2.675,-0.447,0.003,0.002,50136.981,49836.1,
beta_LA[26],-1.79,0.422,-2.479,-1.133,0.002,0.001,50249.068,50341.422,
beta_LA[27],-0.972,0.709,-2.083,0.182,0.003,0.002,50213.002,49462.207,
beta_LA[28],-1.11,0.607,-2.079,-0.148,0.003,0.002,50242.381,49633.381,
beta_LA[29],-1.802,0.539,-2.672,-0.947,0.002,0.002,49192.34,48241.665,
beta_LA[30],-0.631,0.634,-1.634,0.395,0.003,0.002,50035.965,49266.296,
beta_LA[31],-0.764,0.649,-1.779,0.288,0.003,0.002,50230.861,49605.71,
beta_LA[32],-1.226,0.745,-2.4,-0.023,0.003,0.002,50336.867,49422.504,
beta_LA[33],-1.625,0.697,-2.732,-0.504,0.003,0.002,50335.573,49421.348,
beta_LA[34],-1.826,0.58,-2.738,-0.885,0.003,0.002,49113.864,49802.07,
beta_LA[35],-1.358,0.492,-2.138,-0.572,0.002,0.002,50674.938,49143.877,
beta_LA[36],-1.146,0.531,-1.988,-0.292,0.002,0.002,49778.102,49553.459,
beta_LA[37],-1.787,0.507,-2.599,-0.98,0.002,0.002,49412.786,49266.139,
beta_LA[38],-1.897,0.549,-2.792,-1.037,0.002,0.002,50206.258,50068.946,
beta_LA[39],-1.606,0.543,-2.45,-0.71,0.002,0.002,49852.06,49077.352,
beta_LA[40],-0.877,0.404,-1.511,-0.223,0.002,0.001,50648.048,49516.397,
beta_LA[41],-1.543,0.506,-2.341,-0.722,0.002,0.002,49863.118,49245.44,
beta_LA[42],-1.642,0.425,-2.314,-0.961,0.002,0.001,50100.111,48545.601,
beta_LA[43],-0.932,0.474,-1.681,-0.166,0.002,0.002,49585.095,49060.361,
beta_LA[44],-1.185,0.504,-2.002,-0.395,0.002,0.002,50808.996,49834.301,
beta_LA[45],-1.511,0.642,-2.513,-0.469,0.003,0.002,49994.487,49504.353,
beta_LA[46],-2.237,0.688,-3.361,-1.168,0.003,0.002,49918.526,49408.592,
beta_LA[47],-0.82,0.483,-1.587,-0.045,0.002,0.002,50573.042,49203.226,
beta_LA[48],-1.447,0.537,-2.309,-0.595,0.002,0.002,49047.522,50291.855,
beta_LA[49],-1.263,0.609,-2.247,-0.298,0.003,0.002,47964.619,49214.496,
beta_LA[50],-1.588,0.439,-2.282,-0.883,0.002,0.001,49053.023,49884.629,
beta_LA[51],-1.339,0.587,-2.261,-0.384,0.003,0.002,49676.312,49872.723,
beta_LA[52],-1.108,0.591,-2.056,-0.165,0.003,0.002,49752.959,49285.587,
beta_LA[53],-1.061,0.676,-2.15,0.004,0.003,0.002,49766.475,49701.581,
beta_LA[54],-0.738,0.51,-1.529,0.1,0.002,0.002,49584.48,49089.287,
beta_LA[55],-1.55,0.688,-2.643,-0.453,0.003,0.002,49045.743,49970.812,
beta_LA[56],-1.42,0.677,-2.521,-0.361,0.003,0.002,49379.919,49307.068,
beta_LA[57],-1.595,0.608,-2.577,-0.638,0.003,0.002,49400.315,47846.444,
beta_LA[58],-0.993,0.499,-1.798,-0.201,0.002,0.002,49570.63,49793.879,
beta_LA[59],-1.283,0.477,-2.041,-0.515,0.002,0.002,49701.446,50045.265,
beta_LA[60],-0.602,0.473,-1.379,0.136,0.002,0.001,49943.973,50298.521,
beta_LA[61],-1.217,0.644,-2.236,-0.183,0.003,0.002,49941.104,48830.432,
beta_LA[62],-1.276,0.441,-1.959,-0.546,0.002,0.001,50239.77,49144.118,
beta_LA[63],-1.477,0.525,-2.315,-0.638,0.002,0.002,49253.078,49750.706,
beta_LA[64],-2.065,0.634,-3.078,-1.056,0.003,0.002,49895.742,49093.869,
beta_LA[65],-1.274,0.685,-2.349,-0.161,0.003,0.002,50589.088,50046.085,
beta_LA[66],-0.75,0.58,-1.682,0.168,0.003,0.002,50404.392,50002.089,
beta_LA[67],-1.302,0.645,-2.329,-0.28,0.003,0.002,50143.282,49683.129,
beta_LA[68],-1.075,0.564,-1.971,-0.174,0.003,0.002,49448.742,49590.69,
beta_LA[69],-1.67,0.62,-2.662,-0.687,0.003,0.002,49066.568,48663.671,
beta_LA[70],-1.435,0.461,-2.172,-0.703,0.002,0.001,49853.366,49070.429,
beta_LA[71],-1.298,0.617,-2.288,-0.32,0.003,0.002,51058.083,49783.974,
beta_LA[72],-0.916,0.465,-1.645,-0.166,0.002,0.001,49859.917,47363.634,
beta_LA[73],-1.119,0.524,-1.946,-0.275,0.002,0.002,50446.971,49003.527,
beta_LA[74],-1.284,0.59,-2.223,-0.345,0.003,0.002,50023.721,49252.055,
beta_LA[75],-1.565,0.765,-2.756,-0.312,0.003,0.002,50053.247,49877.252,
beta_LA[76],-0.804,0.662,-1.86,0.25,0.003,0.002,49642.005,49669.448,
beta_LA[77],-1.731,0.856,-3.065,-0.318,0.004,0.003,50598.103,48836.001,
beta_LA[78],-1.546,0.484,-2.308,-0.765,0.002,0.002,50394.248,49171.002,
beta_LA[79],-0.811,0.496,-1.605,-0.015,0.002,0.002,50411.164,49503.866,
beta_LA[80],-1.858,0.499,-2.642,-1.047,0.002,0.002,50507.169,49291.528,
beta_LA[81],-1.305,0.547,-2.171,-0.429,0.002,0.002,48643.043,49696.172,
beta_LA[82],-1.954,0.705,-3.077,-0.829,0.003,0.002,49549.792,48344.768,
beta_LA[83],-1.418,0.54,-2.273,-0.549,0.002,0.002,50135.72,49782.817,
beta_LA[84],-1.183,0.648,-2.19,-0.122,0.003,0.002,49900.123,49383.089,
beta_LA[85],-1.017,0.643,-2.042,0.011,0.003,0.002,50212.902,49559.659,
beta_LA[86],-1.839,0.588,-2.746,-0.866,0.003,0.002,50170.227,50040.138,
beta_LA[87],-1.164,0.589,-2.112,-0.224,0.003,0.002,50029.709,49775.727,
beta_LA[88],-1.52,0.535,-2.354,-0.645,0.002,0.002,48828.318,48417.985,
beta_LA[89],-1.388,0.862,-2.763,-0.021,0.004,0.003,49908.208,49878.177,
beta_LA[90],-1.346,0.531,-2.192,-0.495,0.002,0.002,49113.461,49827.905,
beta_LA[91],-0.72,0.418,-1.401,-0.066,0.002,0.001,49490.856,49336.661,
beta_LA[92],-1.724,0.493,-2.518,-0.946,0.002,0.002,49772.264,49546.349,
beta_LA[93],-1.227,0.483,-1.991,-0.451,0.002,0.002,48322.828,49347.56,
beta_LA[94],-1.843,0.454,-2.591,-1.137,0.002,0.001,49187.743,48752.147,
beta_LA[95],-1.639,0.457,-2.373,-0.919,0.002,0.001,49719.753,48373.052,
beta_LA[96],-0.621,0.607,-1.568,0.377,0.003,0.002,48461.687,48413.491,
beta_LA[97],-1.253,0.901,-2.715,0.158,0.004,0.003,48489.806,47633.803,
beta_LA[98],-1.717,0.466,-2.466,-0.982,0.002,0.001,50220.805,49792.449,
beta_LA[99],-1.737,0.793,-3.01,-0.482,0.004,0.002,50111.83,50209.658,
beta_LA[100],-1.094,0.462,-1.843,-0.37,0.002,0.001,49323.118,48542.862,
beta_LA[101],-0.889,0.498,-1.675,-0.09,0.002,0.002,49985.741,49750.048,
beta_LA[102],-1.028,0.602,-1.995,-0.067,0.003,0.002,47772.995,47222.409,
beta_LA[103],-1.468,0.564,-2.374,-0.577,0.003,0.002,48741.886,47219.737,
beta_LA[104],-1.649,0.598,-2.619,-0.716,0.003,0.002,48317.051,50116.58,
beta_LA[105],-1.565,0.59,-2.487,-0.613,0.003,0.002,49150.949,49564.907,
beta_LA[106],-1.31,0.615,-2.319,-0.348,0.003,0.002,49344.798,48780.797,
beta_LA[107],-1.252,0.413,-1.894,-0.573,0.002,0.001,49470.444,49877.71,
beta_LA[108],-0.916,0.772,-2.101,0.372,0.003,0.002,49386.777,49157.36,
beta_LA[109],-1.143,0.753,-2.349,0.064,0.003,0.002,48922.373,49310.845,
beta_LA[110],-1.21,0.506,-2.013,-0.398,0.002,0.002,50655.98,48406.131,
beta_LA[111],-0.686,0.437,-1.388,0.003,0.002,0.001,49695.244,48870.3,
beta_LA[112],-0.939,0.544,-1.799,-0.063,0.002,0.002,49593.464,49315.85,
beta_LA[113],-1.217,0.614,-2.178,-0.209,0.003,0.002,49531.751,50046.329,
beta_LA[114],-0.873,0.411,-1.518,-0.201,0.002,0.001,50182.773,50121.964,
beta_LA[115],-0.867,0.822,-2.17,0.456,0.004,0.003,50540.396,50404.669,
beta_LA[116],-0.956,0.519,-1.772,-0.118,0.002,0.002,49297.305,49503.919,
beta_LA[117],-1.491,0.575,-2.44,-0.603,0.003,0.002,49694.178,49669.567,
beta_LA[118],-1.121,0.628,-2.108,-0.114,0.003,0.002,48011.492,47281.252,
beta_LA[119],-0.645,0.51,-1.469,0.163,0.002,0.002,50334.649,50127.817,
beta_LA[120],-0.788,0.562,-1.684,0.108,0.003,0.002,49847.538,49418.11,
beta_LA[121],-1.105,0.484,-1.892,-0.347,0.002,0.002,49402.906,48141.593,
beta_LA[122],-0.628,0.475,-1.409,0.107,0.002,0.002,49930.867,49761.162,
beta_LA[123],-1.472,0.547,-2.329,-0.583,0.002,0.002,48832.478,47136.903,
beta_LA[124],-1.137,0.489,-1.915,-0.358,0.002,0.002,49828.385,48796.263,
beta_LA[125],-1.55,0.511,-2.37,-0.737,0.002,0.002,50349.704,49318.502,
beta_LA[126],-0.788,0.551,-1.678,0.078,0.002,0.002,49619.822,49836.113,
beta_LA[127],-1.824,0.492,-2.585,-1.013,0.002,0.002,49209.678,49917.677,
beta_LA[128],-0.475,0.659,-1.513,0.594,0.003,0.002,48050.818,49628.048,
beta_LA[129],-0.956,0.407,-1.615,-0.309,0.002,0.001,49472.197,49840.897,
beta_LA[130],-1.255,0.56,-2.14,-0.353,0.003,0.002,48677.171,49754.454,
beta_LA[131],-1.51,0.553,-2.385,-0.615,0.002,0.002,49983.972,48298.028,
beta_LA[132],-1.777,0.691,-2.868,-0.659,0.003,0.002,50195.044,49364.654,
beta_LA[133],-1.286,0.557,-2.171,-0.397,0.002,0.002,50188.386,49485.302,
beta_LA[134],-1.065,0.531,-1.907,-0.218,0.002,0.002,49684.083,49899.031,
beta_LA[135],-1.134,0.502,-1.918,-0.316,0.002,0.002,49737.445,49775.852,
beta_LA[136],-1.217,0.44,-1.93,-0.521,0.002,0.001,49774.147,49426.797,
beta_LA[137],-1.107,0.545,-1.961,-0.22,0.002,0.002,48948.909,48241.384,
beta_LA[138],-0.983,0.436,-1.679,-0.289,0.002,0.001,48644.068,48798.929,
beta_LA[139],-1.403,0.526,-2.223,-0.546,0.002,0.002,50488.864,50385.125,
beta_LA[140],-0.912,0.424,-1.587,-0.231,0.002,0.001,49597.023,48314.153,
beta_LA[141],-1.257,0.47,-2.018,-0.519,0.002,0.001,49571.369,49387.241,
beta_LA[142],-1.57,0.637,-2.604,-0.57,0.003,0.002,49837.268,49115.631,
beta_LA[143],-1.44,0.594,-2.401,-0.511,0.003,0.002,49849.383,49300.854,
beta_LA[144],-1.523,0.618,-2.507,-0.534,0.003,0.002,49471.738,49418.757,
LA2,-0.033,0.04,-0.098,0.029,0.0,0.0,50223.931,49591.132,
LA3,0.555,0.037,0.493,0.614,0.0,0.0,50592.189,50408.743,
mu_LT0,-0.061,0.091,-0.208,0.084,0.0,0.0,49078.249,48624.828,
mu_LT1,0.055,0.089,-0.087,0.197,0.0,0.0,48313.812,49545.145,
mu_SL0,0.015,0.091,-0.127,0.162,0.0,0.0,49354.835,50036.658,
mu_SL1,-0.114,0.091,-0.261,0.032,0.0,0.0,49542.655,50257.063,
kappa,1.788,0.109,1.615,1.962,0.0,0.0,49172.27,48501.051,
theta,23.517,1.625,20.838,26.011,0.007,0.005,49992.529,48647.616,
mu_LA,-1.263,0.09,-1.405,-1.115,0.0,0.0,49359.069,48352.921,
